Month,Avg. Temp,Min. Temp,Max. Temp,Precipitation,Heating Degrees Days,Cooling Degrees Days
"September, 2023",65,51.4,78.6,2.26,96,112
"August, 2023",71.6,58.7,84.6,3.45,21,228
"July, 2023",70.8,57.5,84.2,2.56,37,203
"June, 2023",69.8,57.2,82.3,4.2,52,200
"May, 2023",61.2,47.4,75,2.97,187,72
"April, 2023",41.4,28.7,54,1.22,674,
"March, 2023",23.9,14.4,33.5,1.11,1248,
"February, 2023",22.1,10.8,33.3,0.71,1231,
"January, 2023",19.9,11.2,28.6,0.8,1426,
"December, 2022",15.2,5.7,24.6,1.42,1514,
"November, 2022",29.1,17.8,40.5,0.49,1041,
"October, 2022",49.5,35.1,63.9,0.56,483,
"September, 2022",65.4,49.9,81,0.59,103,102
"August, 2022",73.2,59.2,87.2,1.83,15,243
"July, 2022",74.6,61,88.2,2.79,14,305
"June, 2022",67.7,54.4,80.9,2.34,65,162
"May, 2022",55.4,42.8,67.9,3.41,308,26
"April, 2022",39.7,27.4,52,2.64,736,
"March, 2022",33.4,20.4,46.4,0.43,982,
"February, 2022",20,6.2,33.9,0.28,1262,
"January, 2022",19.2,6.2,32.1,0.21,1432,
"December, 2021",24.5,13.8,35.2,0.63,1224,
"November, 2021",38.2,26,50.5,0.24,807,
"October, 2021",51.2,39.2,63.1,3.42,424,3
"September, 2021",65,50.4,79.6,2.04,106,100
"August, 2021",72.5,58.1,86.8,2.55,19,240
"July, 2021",75.3,61.9,88.7,2.47,14,296
"June, 2021",72.3,57.1,87.5,1.19,30,241
"May, 2021",55,42.1,67.9,2.25,319,24
"April, 2021",43.6,30.1,57.1,1.48,633,
"March, 2021",39.4,26.5,52.4,1.22,801,3
"February, 2021",12.9,2.4,23.4,0.37,1463,
"January, 2021",26.5,18.2,34.8,0.32,1209,
"December, 2020",28.3,16.7,39.8,0.35,1156,
"November, 2020",38.6,24.7,52.4,0.36,793,
"October, 2020",41.2,29.3,53.2,1.11,719,
"September, 2020",60.4,46,74.8,0.74,183,46
"August, 2020",72.6,58.4,86.7,1.97,17,235
"July, 2020",73.5,60.4,86.6,3.34,19,277
"June, 2020",70.3,57.4,83.2,3.04,41,216
"May, 2020",54.2,42.6,65.8,2.71,348,16
"April, 2020",42,28.1,56,0.94,677,
"March, 2020",36.4,25.4,47.4,0.78,882,
"February, 2020",23.5,13,34.1,0.42,1171,
"January, 2020",20.1,11.2,28.9,0.41,1390,
"December, 2019",23.3,14.7,31.9,0.97,1277,
"November, 2019",31.1,20.8,41.4,0.94,1012,
"October, 2019",40.2,29.6,50.9,2.13,744,
"September, 2019",63.1,51.2,75,3.9,127,86
"August, 2019",68.2,57.1,79.2,3.65,50,142
"July, 2019",72.1,60.7,83.6,5.45,26,251
"June, 2019",66.3,53.8,78.8,2.63,86,133
"May, 2019",50.4,40,60.8,5.9,446,9
"April, 2019",44.2,32.9,55.6,2.64,620,
"March, 2019",25.1,15.7,34.5,1.69,1200,
"February, 2019",6.1,-2.8,15,1.01,1601,
"January, 2019",18,8.5,27.4,0.49,1464,
"December, 2018",25.3,15.6,34.9,0.97,1243,
"November, 2018",29.3,19.6,39,0.73,1080,
"October, 2018",43.2,31.8,54.6,1.7,666,
"September, 2018",61.5,49.6,73.3,2.55,154,64
"August, 2018",69.9,56.4,83.5,1.94,37,173
"July, 2018",72.2,59.8,84.6,3.4,28,236
"June, 2018",69.3,57.4,81.1,4.78,51,189
"May, 2018",62.1,49,75.1,2.71,167,86
"April, 2018",36.7,24.7,48.6,1.7,851,
"March, 2018",30.4,21.3,39.5,1.53,1037,
"February, 2018",11.6,-0.1,23.3,0.94,1451,
"January, 2018",18.1,7,29.1,0.3,1454,
"December, 2017",21.7,11.7,31.7,0.42,1333,
"November, 2017",34.7,22.6,46.8,0.23,905,
"October, 2017",48,34.5,61.5,1.24,520,
"September, 2017",61.8,48.4,75.2,2.49,151,66
"August, 2017",67.4,54.6,80.3,3.17,64,121
"July, 2017",76,61,91,2.12,11,323
"June, 2017",68.1,53.6,82.6,2.19,65,157
"May, 2017",56,42.6,69.3,2.12,312,23
"April, 2017",46.1,33.2,58.9,1.94,559,
"March, 2017",35.5,24.2,46.8,0.66,912,
"February, 2017",29.4,18.9,39.9,0.37,971,
"January, 2017",16.5,8.4,24.7,0.68,1437,
"December, 2016",15.4,6.2,24.6,1.25,1485,
"November, 2016",42,29.8,54.1,0.91,687,
"October, 2016",51.6,38.7,64.6,1.23,423,3
"September, 2016",62.4,49.6,75.2,1.97,144,70
"August, 2016",71,57.4,84.5,2.61,28,202
"July, 2016",73,59.4,86.6,2.74,21,256
"June, 2016",70.7,56.4,84.9,1.78,36,213
"May, 2016",56.7,43.1,70.3,2.54,284,30
"April, 2016",46.3,33.9,58.7,3.76,557,
"March, 2016",40.1,26.8,53.4,1.04,781,1
"February, 2016",31.2,21.4,41,0.58,975,1
"January, 2016",19.8,11,28.6,0.27,1398,
"December, 2015",24.3,16.1,32.5,1.12,1234,
"November, 2015",36.4,25,47.8,1.02,841,
"October, 2015",51.6,39.1,64,1.44,417,3
"September, 2015",65.9,52.2,79.6,1.33,91,117
"August, 2015",69.8,56.8,82.9,3.36,39,163
"July, 2015",72.1,59,85.1,3.02,29,231
"June, 2015",67.6,55.8,79.4,4.05,69,148
"May, 2015",53.8,42.3,65.4,5.72,348,20
"April, 2015",47.7,33.3,62.1,0.87,512,3
"March, 2015",39,23.9,54.1,0.24,826,1
"February, 2015",19.5,7,32,0.34,1295,
"January, 2015",22.7,12.2,33.2,0.27,1319,
"December, 2014",24.2,14.8,33.7,0.67,1258,
"November, 2014",25.6,14.6,36.6,0.62,1169,
"October, 2014",50.3,36.5,64,0.57,459,
"September, 2014",60.5,47.2,73.8,1.61,181,46
"August, 2014",69.3,58,80.5,4.04,39,162
"July, 2014",69.5,56.5,82.4,1.04,49,173
"June, 2014",64.2,52.8,75.6,5.89,110,108
"May, 2014",55.6,43.4,67.8,2.42,309,24
"April, 2014",43.4,30,56.9,1.97,628,
"March, 2014",29.4,17.3,41.5,0.76,1100,
"February, 2014",13.9,2.5,25.3,0.36,1423,
"January, 2014",18.3,6.4,30.2,0.24,1472,
"December, 2013",13.5,2.9,24.2,0.75,1582,
"November, 2013",32.1,20,44.1,0.3,982,
"October, 2013",44.3,34.3,54.4,5.01,611,
"September, 2013",65.8,52.2,79.5,1.91,92,116
"August, 2013",71.6,59.4,83.8,2.41,22,212
"July, 2013",71.8,59.1,84.5,2.47,29,225
"June, 2013",65.3,53.4,77.2,3.12,98,113
"May, 2013",55.9,43.2,68.5,4.82,308,23
"April, 2013",36.9,25.5,48.3,2.33,837,
"March, 2013",28.1,16.3,40,0.67,1156,
"February, 2013",23.8,13.7,33.8,0.7,1185,
"January, 2013",19.4,9.2,29.6,0.45,1403,
"December, 2012",21.4,11.4,31.3,0.63,1332,
"November, 2012",34.9,22.9,46.8,0.32,892,
"October, 2012",45.6,32.9,58.3,0.83,599,
"September, 2012",62.6,45.4,79.8,0.2,145,68
"August, 2012",71,55.3,86.6,1.12,25,210
"July, 2012",78.7,64.4,93.1,1.54,3,433
"June, 2012",70.4,56.5,84.4,2.18,39,208
"May, 2012",58.3,44.9,71.8,2.79,233,51
"April, 2012",50.2,36.8,63.5,3.06,441,6
"March, 2012",47,32.4,61.6,0.37,558,19
"February, 2012",25.7,13.9,37.6,1.13,1089,
"January, 2012",25.4,13.5,37.3,0.41,1232,
"December, 2011",26.8,15.9,37.7,0.26,1177,
"November, 2011",34.4,21.4,47.4,0.24,902,
"October, 2011",51.3,38,64.6,1.11,421,3
"September, 2011",59.9,45,74.8,0.63,198,37
"August, 2011",71.6,58.5,84.7,2.32,22,213
"July, 2011",75.9,64.1,87.7,3.15,8,359
"June, 2011",64.7,53,76.3,4.52,103,111
"May, 2011",53,42.2,63.8,4.5,365,18
"April, 2011",43.1,32.7,53.4,2.29,649,
"March, 2011",27.3,18.2,36.4,1.05,1121,
"February, 2011",16.3,6,26.6,1.13,1334,
"January, 2011",13,3.3,22.6,0.93,1613,
"December, 2010",17.7,8.6,26.7,0.95,1443,
"November, 2010",32.1,21.2,43,0.33,960,
"October, 2010",51.6,38,65.2,1,415,3
"September, 2010",59.1,46.1,72.2,3.26,204,36
"August, 2010",73.6,60,87.1,2.02,14,270
"July, 2010",72.4,59.8,85,3.73,26,252
"June, 2010",65.9,54.7,77.1,4.92,89,129
"May, 2010",54.2,43.1,65.4,3.69,337,22
"April, 2010",49.3,36.9,61.8,2.38,459,7
"March, 2010",36.3,27.1,45.5,1.19,872,
"February, 2010",14.6,5.2,24,0.6,1387,
"January, 2010",14.8,6.5,23.1,0.61,1552,
"December, 2009",13.5,5.3,21.8,1.15,1567,
"November, 2009",40,27,52.9,0.11,743,
"October, 2009",39.5,31.4,47.6,3.94,775,
"September, 2009",63,50,75.9,1.3,144,68
"August, 2009",67.4,54.2,80.5,2.87,60,127
"July, 2009",67.9,55.4,80.4,3.45,66,145
"June, 2009",63.2,51.8,74.6,3.49,128,92
"May, 2009",55.8,41.8,69.9,1.27,296,28
"April, 2009",42.3,31,53.6,1.86,667,
"March, 2009",30,18.3,41.7,1.75,1037,
"February, 2009",23.4,13,33.9,1,1137,
"January, 2009",16.7,5.6,27.8,0.4,1504,
"December, 2008",14.1,3.5,24.8,0.71,1557,
"November, 2008",34.2,24.6,43.8,1.15,914,
"October, 2008",47.2,35,59.3,2.86,541,
"September, 2008",60.3,46.3,74.3,2.11,181,51
"August, 2008",71.2,57.9,84.5,1.56,27,201
"July, 2008",72.7,59.3,86,2.96,22,258
"June, 2008",63.8,51.6,75.9,5.04,118,99
"May, 2008",53,40.9,65.1,4.06,376,14
"April, 2008",42.1,28.6,55.7,1.72,692,
"March, 2008",32.2,20.4,44.1,0.9,1038,
"February, 2008",19.1,7.2,30.9,0.38,1303,
"January, 2008",16.2,4.6,27.9,0.23,1517,
"December, 2007",19.4,9,29.7,0.61,1428,
"November, 2007",34.9,22.6,47.2,0.05,897,
"October, 2007",50.2,37.8,62.6,2.68,439,3
"September, 2007",62.6,48.3,76.8,1.49,143,70
"August, 2007",71.4,59.4,83.3,4,23,218
"July, 2007",76.5,62.6,90.4,0.93,10,333
"June, 2007",68.2,55.8,80.6,3.22,61,162
"May, 2007",60,47.2,72.8,4.53,200,65
"April, 2007",42.9,31.1,54.7,2.21,654,
"March, 2007",40.2,28.2,52.2,2.13,781,1
"February, 2007",15.2,5.9,24.5,0.9,1389,
"January, 2007",20.1,9.4,30.9,0.19,1415,
"December, 2006",27,15.2,38.8,0.73,1163,
"November, 2006",33.7,21.3,46.1,0.35,924,
"October, 2006",44.4,31.7,57.1,0.38,622,
"September, 2006",56.8,44.9,68.7,3.4,269,19
"August, 2006",72.2,58.6,85.7,3.05,21,221
"July, 2006",78.2,62.8,93.6,0.75,6,378
"June, 2006",69.1,55,83.2,1.77,56,169
"May, 2006",58.2,44.1,72.2,1.2,250,40
"April, 2006",50.2,36.9,63.6,2.36,444,6
"March, 2006",32.4,22.2,42.6,1.35,992,
"February, 2006",23.3,12.3,34.2,0.29,1171,
"January, 2006",32.2,23,41.4,0.3,1020,2
"December, 2005",20.1,11.8,28.5,0.74,1400,
"November, 2005",36.8,24.9,48.6,1.07,835,
"October, 2005",49.2,35.8,62.7,0.9,481,
"September, 2005",65.5,50.6,80.3,2.14,93,118
"August, 2005",71,56.9,85,1.93,29,202
"July, 2005",74.4,60.4,88.5,1.66,15,299
"June, 2005",67.9,56.8,78.9,5.04,63,164
"May, 2005",54,41.8,66.2,3.7,343,19
"April, 2005",48.2,35.1,61.3,2.07,495,4
"March, 2005",34.9,22.6,47.3,0.69,944,
"February, 2005",29.3,17,41.5,0.39,998,
"January, 2005",16.8,6.7,26.8,0.37,1484,
"December, 2004",27.2,16.3,38.1,0.09,1179,
"November, 2004",36.6,24.8,48.4,0.36,844,
"October, 2004",48.8,36.6,61.1,2.2,491,
"September, 2004",63.1,50,76.1,3.88,129,84
"August, 2004",66.1,52.5,79.8,1.78,78,105
"July, 2004",70.8,57.8,83.8,2.86,38,201
"June, 2004",62.1,49.4,74.8,2.64,148,72
"May, 2004",55.6,42.7,68.6,3.7,303,26
"April, 2004",47.9,32.9,62.9,0.88,511,2
"March, 2004",38.4,26.9,50,1.61,814,
"February, 2004",22.9,12.5,33.2,0.46,1187,
"January, 2004",16.1,6.1,26.2,0.33,1487,
"December, 2003",26.6,17.7,35.6,0.29,1183,
"November, 2003",27.6,17.6,37.5,0.74,1074,
"October, 2003",51.8,37.3,66.2,0.84,417,3
"September, 2003",60,45.2,74.7,1.81,200,40
"August, 2003",74.8,60.4,89.2,1.12,10,280
"July, 2003",74.4,60,88.7,1.63,16,281
"June, 2003",63.9,52,75.8,3.61,123,94
"May, 2003",55,43.1,66.8,2.79,331,19
"April, 2003",47.9,35.2,60.5,2.28,522,
"March, 2003",32.1,19.4,44.9,0.94,1000,
"February, 2003",18.8,7.8,29.9,0.63,1278,
"January, 2003",19.8,8.8,30.9,0.45,1395,
"December, 2002",27.3,16.2,38.3,0.24,1165,
"November, 2002",34.5,23,45.9,0.06,930,
"October, 2002",39.5,29.3,49.6,1.46,772,
"September, 2002",62.7,49.3,76.2,1.59,143,71
"August, 2002",70.4,57,83.8,3.27,32,188
"July, 2002",77.3,63.2,91.4,1.79,5,376
"June, 2002",70.4,56.1,84.6,1.55,43,208
"May, 2002",52.4,38.6,66.2,1.64,397,12
"April, 2002",44.5,31,57.9,1.29,593,
"March, 2002",22.2,11.7,32.6,0.95,1302,
"February, 2002",29.6,16.8,42.3,0.18,987,
"January, 2002",24.1,13.4,34.9,0.28,1260,
"December, 2001",24.7,14.9,34.5,0.06,1242,
"November, 2001",40.8,27.3,54.2,1.19,697,
"October, 2001",47.5,34,61,0.96,531,
"September, 2001",62.1,48.6,75.5,1.8,159,57
"August, 2001",73.4,59,87.7,0.7,15,249
"July, 2001",74.6,62.3,86.8,3.8,14,304
"June, 2001",66,53.9,78,3.2,87,128
"May, 2001",57.8,45.5,70.1,2.48,253,40
"April, 2001",46.1,34.2,58,3.84,558,
"March, 2001",29.8,20,39.5,0.46,1127,
"February, 2001",12.4,2.4,22.4,0.87,1453,
"January, 2001",22.7,12.6,32.7,0.82,1338,
"December, 2000",10.5,0.7,20.3,0.42,1685,
"November, 2000",24.4,15.5,33.2,1.86,1212,
"October, 2000",50.1,37.6,62.6,1.31,452,2
"September, 2000",62.3,46.6,77.9,0.61,155,61
"August, 2000",73.2,59.2,87.2,1.46,15,246
"July, 2000",73,60.1,85.9,2.52,21,258
"June, 2000",64.4,51.4,77.4,2.7,108,104
"May, 2000",58.1,45,71.1,3.24,244,43
"April, 2000",45,31.6,58.3,2.63,591,
"March, 2000",39.3,26.2,52.3,1.27,788,4
"February, 2000",30.1,18.1,42,0.72,954,
"January, 2000",21.1,9.8,32.4,0.38,1356,
"December, 1999",29.1,17.4,40.9,0.18,1136,
"November, 1999",42.4,28.4,56.4,0.21,668,
"October, 1999",47.8,33.4,62.1,0.44,521,
"September, 1999",57.1,43.6,70.6,2.6,245,27
"August, 1999",71,57.3,84.7,2.66,27,198
"July, 1999",73.3,60.7,85.9,2.64,19,285
"June, 1999",65.1,53.8,76.4,4.72,105,109
"May, 1999",55.9,44.2,67.6,3.61,294,28
"April, 1999",44.7,33.8,55.7,3.05,595,
"March, 1999",36.8,25,48.6,0.69,895,
"February, 1999",32.9,22.2,43.5,0.28,918,2
"January, 1999",17.6,7,28.3,0.53,1461,
"December, 1998",25.6,13.6,37.7,0.17,1213,
"November, 1998",36,27.3,44.6,1.26,864,
"October, 1998",48.4,37.8,59,5.35,495,
"September, 1998",66.9,52,81.7,0.71,80,129
"August, 1998",72.2,59.6,84.7,2.94,21,221
"July, 1998",73.4,61.2,85.6,2.8,20,262
"June, 1998",61.7,50.6,72.9,4.64,158,71
"May, 1998",59.3,46.4,72.2,2.55,215,60
"April, 1998",46.9,34,59.7,1.52,552,
"March, 1998",26.4,17.8,34.9,1.7,1170,
"February, 1998",32.7,24.5,40.8,0.77,910,1
"January, 1998",19.3,9.2,29.4,0.46,1390,
"December, 1997",28,18.8,37.2,0.15,1158,
"November, 1997",30,19.6,40.5,0.29,1056,
"October, 1997",49.7,35.8,63.5,1.82,471,
"September, 1997",63.1,49.3,76.8,1.45,139,72
"August, 1997",69.4,57.5,81.4,2.02,40,164
"July, 1997",71.4,59.8,83,4.16,31,233
"June, 1997",68,55.7,80.2,3.16,66,155
"May, 1997",53.1,40.6,65.5,2.92,389,11
"April, 1997",39.5,28.3,50.7,2.74,756,
"March, 1997",31.9,20.4,43.4,0.44,1017,
"February, 1997",22.8,13.6,32,0.79,1198,
"January, 1997",10.6,1.2,20.1,1.18,1667,
"December, 1996",11.5,2.6,20.3,1.15,1628,
"November, 1996",22,14,30.1,1.23,1250,
"October, 1996",46.9,33.6,60.2,2.42,544,
"September, 1996",58.8,46.9,70.6,4.29,222,30
"August, 1996",71.2,56.9,85.4,1.73,30,187
"July, 1996",69.6,56.3,82.8,1.78,48,174
"June, 1996",67.4,55,79.6,2.04,70,148
"May, 1996",52.2,42.5,61.9,5.37,391,13
"April, 1996",42.4,29.4,55.4,0.93,675,
"March, 1996",24.2,13.5,35,0.79,1233,
"February, 1996",23.1,12,34.2,0.31,1170,
"January, 1996",10.3,-0.4,20.9,0.87,1658,
"December, 1995",21.9,12.4,31.4,0.22,1311,
"November, 1995",29.8,19.4,40.2,0.53,1062,
"October, 1995",46.4,35.3,57.5,3.26,584,
"September, 1995",59.5,45.9,73.1,1.82,213,34
"August, 1995",73.7,60.5,86.8,2.02,12,271
"July, 1995",71.6,58.6,84.6,2.85,29,238
"June, 1995",65.6,54.5,76.7,3.29,96,124
"May, 1995",52.5,42.2,62.8,5.42,400,12
"April, 1995",39.1,29.3,49,3.39,764,
"March, 1995",31.1,20.7,41.6,1.89,1022,
"February, 1995",26,14.9,37.2,0.42,1108,
"January, 1995",19.2,9.9,28.4,0.36,1425,
"December, 1994",23.4,14.2,32.6,0.43,1291,
"November, 1994",34,23.6,44.4,0.67,907,
"October, 1994",49.5,38.4,60.5,2.89,473,
"September, 1994",62.5,48.6,76.3,1.3,145,67
"August, 1994",69,55.5,82.5,1.89,45,151
"July, 1994",68.8,55.8,81.8,3.63,54,163
"June, 1994",67.5,55.2,79.8,3.07,67,152
"May, 1994",60.3,46.6,74,1.26,201,59
"April, 1994",45.1,31.4,58.9,2.1,595,
"March, 1994",36.2,24.4,48,0.35,892,
"February, 1994",12.2,1.9,22.5,0.61,1452,
"January, 1994",9.8,0.5,19,0.7,1700,
"December, 1993",23.6,14.5,32.7,0.63,1290,
"November, 1993",28.2,17.9,38.5,1.24,1094,
"October, 1993",46,32,59.9,0.62,585,
"September, 1993",55,41.8,68.3,1.66,313,13
"August, 1993",68,55.9,80,1.89,50,151
"July, 1993",66.7,56.4,77,6,72,147
"June, 1993",61.6,50.6,72.6,5.67,154,69
"May, 1993",56.1,43.5,68.6,3.19,305,24
"April, 1993",43.2,32.1,54.3,2.29,656,
"March, 1993",32.5,22.1,42.8,0.98,1044,
"February, 1993",13.7,4.4,23.1,0.75,1409,
"January, 1993",13,2.7,23.3,0.51,1578,
"December, 1992",17.2,7.2,27.1,0.44,1450,
"November, 1992",29.4,22.9,35.9,1.19,1065,
"October, 1992",47.7,33.7,61.6,0.69,535,
"September, 1992",59.8,45,74.5,1.43,204,36
"August, 1992",64.9,52.6,77.1,2.44,96,86
"July, 1992",64.2,53.7,74.6,4.68,118,89
"June, 1992",63.7,51.5,75.8,4.09,125,88
"May, 1992",59,43.5,74.5,1.39,239,42
"April, 1992",44.3,31.7,57,1.02,636,
"March, 1992",38.3,26.2,50.5,1.19,841,
"February, 1992",31.3,21.3,41.3,0.68,944,
"January, 1992",27.4,16,38.7,0.59,1163,
"December, 1991",27.3,16.3,38.3,0.07,1180,
"November, 1991",26.7,17.3,36,0.85,1159,
"October, 1991",45.5,31.2,59.8,1.29,595,
"September, 1991",60.8,46.9,74.8,1.32,176,51
"August, 1991",72.8,59.2,86.4,1.68,18,239
"July, 1991",72.4,59,85.9,1.67,25,251
"June, 1991",69.3,58.5,80.2,4.2,49,200
"May, 1991",58.1,47.6,68.6,5.33,241,46
"April, 1991",47.4,35.4,59.3,3.09,526,2
"March, 1991",35.8,23.7,47.9,0.71,898,
"February, 1991",30.9,18.7,43.1,0.85,954,
"January, 1991",14.2,3.6,24.7,0.18,1562,
"December, 1990",15.1,2.9,27.3,0.43,1527,
"November, 1990",36.7,23.7,49.8,0.26,851,
"October, 1990",47.3,32.5,62.2,0.92,547,
"September, 1990",65,50,80.1,0.91,103,104
"August, 1990",71.7,58,85.3,1.96,23,213
"July, 1990",71,58.1,83.9,2.57,36,205
"June, 1990",67.5,54.6,80.3,3.79,69,150
"May, 1990",54.2,42.1,66.4,3.25,351,17
"April, 1990",45,30.7,59.4,1.6,598,
"March, 1990",36,24.5,47.4,1.13,894,
"February, 1990",25.1,13.5,36.7,0.34,1113,
"January, 1990",28.5,17.8,39.2,0.15,1123,
"December, 1989",13.1,2.9,23.4,0.44,1610,
"November, 1989",32.3,21.2,43.4,0.73,995,
"October, 1989",48.7,34.2,63.2,0.9,505,
"September, 1989",60.3,46.3,74.4,2.41,191,42
"August, 1989",72.1,58.2,86,1.87,23,218
"July, 1989",75.8,62,89.7,2.43,11,332
"June, 1989",64.9,50.6,79.2,1.77,108,105
"May, 1989",56.7,43.1,70.3,1.24,285,29
"April, 1989",46.1,33.3,58.8,2.3,554,
"March, 1989",27.4,17.1,37.7,1.53,1128,
"February, 1989",10.4,-0.3,21,0.43,1522,
"January, 1989",23.4,11.5,35.3,0.22,1245,
"December, 1988",24,12.6,35.4,0.5,1266,
"November, 1988",33.2,22.6,43.8,0.7,939,
"October, 1988",46.5,32.7,60.2,0.27,590,
"September, 1988",59.8,45.6,74,2.11,185,49
"August, 1988",72.8,57.7,87.9,2.03,17,252
"July, 1988",75.1,60.4,89.6,1.25,12,316
"June, 1988",75.3,60.6,90,2.38,16,304
"May, 1988",61.2,48.2,74.2,3.32,179,78
"April, 1988",46.4,30.4,62.2,1.18,563,
"March, 1988",34.3,21.7,46.8,0.73,932,
"February, 1988",18.6,6.4,30.9,0.37,1325,
"January, 1988",13.3,1.6,24.9,0.5,1626,
"December, 1987",25.6,15.6,35.7,0.53,1229,
"November, 1987",37.2,26.4,48.1,0.56,832,
"October, 1987",44.8,30.5,59.2,0.38,631,
"September, 1987",60.6,46,75.1,1.26,180,47
"August, 1987",67.6,55.1,80.2,2.36,56,133
"July, 1987",74.8,61.1,88.4,2.98,14,309
"June, 1987",69.4,55.3,83.6,1.47,50,190
"May, 1987",61.6,49.1,74.1,3.14,171,83
"April, 1987",51.5,36.5,66.5,0.36,413,8
"March, 1987",32,23.2,40.9,2.83,956,
"February, 1987",31.7,21.5,41.9,1.38,917,
"January, 1987",25.8,14.3,37.4,0.13,1227,
"December, 1986",26.9,15.3,38.5,0.02,1180,
"November, 1986",28.4,17.8,39,0.77,1082,
"October, 1986",48.2,36.3,60.1,1.04,518,
"September, 1986",56.5,46.6,66.4,4.19,255,25
"August, 1986",67.7,53.9,81.5,1.89,59,127
"July, 1986",72.5,59.2,85.7,2.93,25,263
"June, 1986",68.7,56.3,81.1,3.66,56,171
"May, 1986",56.5,44.4,68.6,3.34,283,31
"April, 1986",44.6,33.4,55.7,5.14,592,
"March, 1986",39,28.3,49.8,1.19,825,
"February, 1986",17.1,8.5,25.7,0.63,1315,
"January, 1986",23.2,13.8,32.8,0.42,1284,
"December, 1985",12.8,2.3,23.4,0.59,1631,
"November, 1985",17.5,8.7,26.2,1.66,1390,
"October, 1985",46.6,33.5,59.8,1.04,567,
"September, 1985",56.8,45.9,67.6,2.62,264,21
"August, 1985",67.2,54.2,80.2,2.81,67,117
"July, 1985",73.8,58.9,88.6,2.02,22,255
"June, 1985",62.6,49.2,76,2.13,138,77
"May, 1985",61.6,46.7,76.4,2.1,186,70
"April, 1985",50.2,35.5,64.9,1.49,443,7
"March, 1985",34.7,22.9,46.5,1.57,908,
"February, 1985",17.9,6.4,29.4,0.08,1304,
"January, 1985",13.4,2,24.8,0.39,1590,
"December, 1984",15.5,3.9,27.1,0.57,1465,
"November, 1984",33.6,21.5,45.6,0.42,920,
"October, 1984",46.7,34.8,58.5,1.99,554,
"September, 1984",55.9,41.7,70.2,1.02,290,16
"August, 1984",73.8,59.5,88.1,1.93,14,258
"July, 1984",72.5,58.9,86,2.06,26,239
"June, 1984",65.6,53.6,77.5,5.81,93,124
"May, 1984",54.5,41.1,67.9,2.1,342,18
"April, 1984",43.6,32.8,54.4,3.58,643,
"March, 1984",28.7,19.4,37.9,1.18,1159,
"February, 1984",30.4,20.2,40.6,0.48,996,
"January, 1984",19.8,10.4,29.2,0.2,1424,
"December, 1983",2,-6.9,10.9,0.59,1938,
"November, 1983",32.3,24,40.6,1.6,975,
"October, 1983",47.9,35.8,60,1.36,518,
"September, 1983",60.8,46.2,75.5,1.23,169,57
"August, 1983",77.1,62.8,91.4,2.02,3,364
"July, 1983",75.2,61.7,88.7,2.71,12,322
"June, 1983",64.4,52,76.8,3.58,114,99
"May, 1983",52.4,39.1,65.6,2.72,389,13
"April, 1983",39.9,28.7,51.1,1.23,757,
"March, 1983",32.6,24.6,40.6,2,1001,
"February, 1983",30,19.4,40.7,0.12,1013,
"January, 1983",25.2,15.2,35.2,0.23,1274,
"December, 1982",24.6,14.3,34.9,0.5,1248,
"November, 1982",28.8,18.3,39.2,0.82,1074,
"October, 1982",46.5,35.2,57.8,4.19,565,
"September, 1982",59.4,46.1,72.7,1.87,209,35
"August, 1982",70.9,57.6,84.2,2.1,26,199
"July, 1982",72.9,59.3,86.4,3.08,22,264
"June, 1982",61.6,49.5,73.7,2.48,167,61
"May, 1982",56.3,45.7,66.9,6.32,284,34
"April, 1982",42,29.2,54.9,1.04,679,
"March, 1982",30.2,20.4,40,1.67,1059,
"February, 1982",18.9,7.8,30.1,0.21,1275,
"January, 1982",4.1,-7.4,15.6,0.72,1865,
"December, 1981",19.2,10.6,27.9,0.57,1422,
"November, 1981",37.8,25.7,49.8,0.65,803,
"October, 1981",46.9,35.2,58.5,1.64,560,
"September, 1981",61.9,46.2,77.6,0.93,155,61
"August, 1981",70.1,57.2,82.9,2.46,36,172
"July, 1981",73.1,60.1,86.1,4.02,21,265
"June, 1981",66,52.6,79.3,2.79,84,136
"May, 1981",55.4,42.7,68,2.31,318,22
"April, 1981",51.7,36.8,66.5,0.56,397,10
"March, 1981",37.7,22.6,52.8,1.11,844,
"February, 1981",25.6,13.5,37.6,0.25,1098,
"January, 1981",25,13.2,36.8,0.12,1258,
"December, 1980",23.1,12.5,33.7,0.41,1298,
"November, 1980",37,25.6,48.3,0.18,840,
"October, 1980",46.6,33.7,59.6,2.15,570,
"September, 1980",61.3,46.1,76.5,0.6,163,62
"August, 1980",70,56.5,83.6,3.22,37,189
"July, 1980",75.3,59.7,90.8,1.53,14,317
"June, 1980",68.4,54.4,82.4,3.03,64,161
"May, 1980",59.3,44.5,74.1,1.36,245,43
"April, 1980",48.8,33.8,63.7,0.83,503,2
"March, 1980",28.9,17.2,40.7,0.7,1108,
"February, 1980",20.2,9.6,30.8,0.42,1273,
"January, 1980",15.9,4.6,27.2,0.28,1492,
"December, 1979",28.2,15.1,41.4,0.09,1144,
"November, 1979",29.6,19.2,40.1,0.4,1061,
"October, 1979",48.2,34.3,62.2,1.57,531,
"September, 1979",64.4,48.1,80.6,0.6,120,88
"August, 1979",68.5,56.2,80.7,2.52,48,150
"July, 1979",71.3,59.3,83.3,3.78,31,224
"June, 1979",65.8,52.6,79,3.43,94,119
"May, 1979",53,39.9,66.2,1.87,378,13
"April, 1979",42.1,30.5,53.6,1.66,677,
"March, 1979",29.5,19.6,39.4,1.28,1103,
"February, 1979",8.2,-3.4,19.7,0.47,1566,
"January, 1979",2.1,-7.9,12.1,0.77,1934,
"December, 1978",13.9,4.1,23.7,0.34,1559,
"November, 1978",27.6,16.1,39.2,0.68,1083,
"October, 1978",48.6,33.4,63.8,0.25,512,
"September, 1978",65.4,50.1,80.6,0.92,99,111
"August, 1978",70.3,55.8,84.7,2.55,34,190
"July, 1978",71.2,58.4,84.1,3.56,32,223
"June, 1978",66,52.3,79.7,2.61,89,127
"May, 1978",56.9,45,68.8,3.62,288,29
"April, 1978",43.8,34.2,53.4,3.05,628,
"March, 1978",30.2,19.9,40.6,0.33,1072,
"February, 1978",9.4,0.6,18.2,0.77,1548,
"January, 1978",2.7,-7.2,12.6,0.26,1911,
"December, 1977",15.8,7.1,24.4,0.81,1498,
"November, 1977",30,19.9,40.2,1.61,1032,
"October, 1977",47.5,35,60.1,1.97,542,
"September, 1977",60.6,48.1,73.2,3.27,177,50
"August, 1977",66.2,52.8,79.7,2.8,74,113
"July, 1977",74.3,60.3,88.3,2.58,15,305
"June, 1977",69.2,55.8,82.6,2.84,53,175
"May, 1977",63.4,50.4,76.3,2.78,152,101
"April, 1977",50.7,37.3,64,1.59,427,8
"March, 1977",34.5,23.9,45,3.55,947,
"February, 1977",28,17.2,38.9,0.85,1047,
"January, 1977",6.4,-4.8,17.6,0.39,1793,
"December, 1976",19.7,7.6,31.8,0.29,1411,
"November, 1976",27.3,14.2,40.4,0.14,1116,
"October, 1976",43.6,29.7,57.5,0.42,667,
"September, 1976",62.3,45.8,78.8,1.04,155,61
"August, 1976",73.9,58.7,89,1.03,17,273
"July, 1976",74.8,59.8,89.8,1.57,15,318
"June, 1976",68.3,53.4,83.1,2.92,69,160
"May, 1976",56.4,41.3,71.5,1.59,300,25
"April, 1976",48.7,35.8,61.5,1.92,488,4
"March, 1976",31.7,19.4,44,0.68,1012,
"February, 1976",30.5,19.1,41.9,0.59,974,
"January, 1976",16.6,6,27.3,0.58,1502,
"December, 1975",22.4,12.2,32.5,0.47,1332,
"November, 1975",32,20.3,43.7,0.63,978,
"October, 1975",49.4,34.9,63.8,0.76,466,
"September, 1975",57.7,43.1,72.3,0.9,246,24
"August, 1975",70.8,56.9,84.6,2.15,27,212
"July, 1975",76,61.4,90.6,1.16,11,345
"June, 1975",65,53,77,4.2,105,111
"May, 1975",56.7,43.8,69.6,2.13,272,39
"April, 1975",39.3,30.4,48.2,2.59,761,
"March, 1975",25.1,14.4,35.8,2.08,1226,
"February, 1975",14.7,4.6,24.8,0.29,1375,
"January, 1975",18.8,8.2,29.4,0.98,1445,
"December, 1974",24,13,35,0.13,1274,
"November, 1974",33.6,22.3,44.9,0.24,938,
"October, 1974",50.5,35.1,65.8,0.76,446,
"September, 1974",57.2,40.9,73.6,0.44,256,22
"August, 1974",67.1,52.7,81.5,1.73,65,123
"July, 1974",77.4,62.1,92.8,1.84,6,378
"June, 1974",66.1,51.2,81,1.57,93,116
"May, 1974",54.3,41.4,67.2,3.04,338,19
"April, 1974",46.4,33.3,59.4,2.08,549,
"March, 1974",33.8,21.4,46.2,0.79,957,
"February, 1974",25.2,13.2,37.2,0.33,1118,
"January, 1974",15.8,4.3,27.4,0.1,1541,
"December, 1973",18.8,9.6,28.1,0.48,1441,
"November, 1973",30.5,21.5,39.5,0.79,1008,
"October, 1973",51.2,38,64.3,1.68,421,4
"September, 1973",57.5,45.5,69.4,3.18,245,26
"August, 1973",74.7,59.6,89.8,1.38,11,300
"July, 1973",72.3,57.6,87,1.89,27,246
"June, 1973",66.8,52.8,80.8,1.61,77,142
"May, 1973",55.3,40.9,69.8,2.82,322,22
"April, 1973",43.5,31.3,55.7,1.81,639,
"March, 1973",37.7,28.2,47.2,2.31,844,
"February, 1973",24.3,13.5,35.1,0.3,1149,
"January, 1973",19,8.9,29.1,0.41,1430,
"December, 1972",13.3,3.7,23,0.86,1575,
"November, 1972",29.6,21.7,37.5,0.8,1040,
"October, 1972",44.5,31.3,57.6,1.52,626,
"September, 1972",59.8,45,74.6,0.48,204,39
"August, 1972",70.3,56.7,83.8,1.38,35,180
"July, 1972",68.8,55.3,82.3,3.65,53,175
"June, 1972",66.2,53.6,78.7,2.79,85,126
"May, 1972",57.3,46.1,68.5,5.6,270,35
"April, 1972",43.2,31.9,54.4,2.12,650,
"March, 1972",32,20.6,43.4,0.73,1014,
"February, 1972",15.8,4.7,27,0.35,1368,
"January, 1972",10,-1.3,21.2,0.37,1691,
"December, 1971",16.6,6.3,26.8,0.53,1461,
"November, 1971",32.5,22.6,42.4,1.23,966,
"October, 1971",47.7,35.9,59.4,3.03,511,
"September, 1971",59,45.1,72.9,1.93,210,38
"August, 1971",73,56.8,89.3,1.51,16,243
"July, 1971",68.8,53.7,83.8,1.46,56,165
"June, 1971",68.8,56.6,80.9,3.48,56,185
"May, 1971",54.2,41.3,67.2,2.96,346,17
"April, 1971",46.5,33.2,59.8,3.03,557,
"March, 1971",30.2,19.7,40.6,0.46,1079,
"February, 1971",17.7,7.6,27.9,0.82,1294,
"January, 1971",9.7,0.2,19.2,0.51,1681,
"December, 1970",15.9,4.9,27,0.52,1492,
"November, 1970",30.2,21.5,39,1.55,1022,
"October, 1970",45,32.1,58,1.34,608,
"September, 1970",60.6,45.7,75.4,1.61,179,53
"August, 1970",72.8,57.8,87.9,1.19,16,246
"July, 1970",74,58.8,89.2,1.75,18,284
"June, 1970",68.3,54.6,82,2.67,63,162
"May, 1970",57.6,43.9,71.4,2.68,249,44
"April, 1970",41.2,30.1,52.3,3.62,686,
"March, 1970",25.4,15,35.7,1.14,1212,
"February, 1970",23.8,11.3,36.3,0.22,1152,
"January, 1970",8.9,-1.3,19.1,0.35,1740,
"December, 1969",21.8,12.2,31.4,0.68,1342,
"November, 1969",34.8,22.8,46.7,0.23,918,
"October, 1969",41.5,30.7,52.2,1.53,725,
"September, 1969",63.5,48.6,78.3,0.87,136,73
"August, 1969",74,59,89,1.22,13,258
"July, 1969",71.5,58.8,84.1,4.03,30,232
"June, 1969",60.5,47.9,73.1,3.19,184,52
"May, 1969",58.7,44.2,73.3,2.23,235,46
"April, 1969",48.7,35.5,61.9,1.15,507,1
"March, 1969",22.1,11.7,32.4,0.47,1343,
"February, 1969",19.3,10.8,27.9,1.2,1253,
"January, 1969",7.2,-2.4,16.8,0.73,1744,
"December, 1968",13.9,5.3,22.6,1.1,1544,
"November, 1968",32.6,23.2,42.1,0.56,968,
"October, 1968",49,34.9,63.2,1.2,495,
"September, 1968",59.4,45.2,73.5,1.87,206,37
"August, 1968",68.8,55,82.4,2.33,43,178
"July, 1968",70.9,57.6,84.2,2.2,35,215
"June, 1968",65.6,53.1,78.1,5.35,86,136
"May, 1968",51.7,38.8,64.5,1.89,416,10
"April, 1968",44.1,30.6,57.6,3.49,603,
"March, 1968",38.4,23.8,52.9,0.59,811,3
"February, 1968",20.2,9.6,30.8,0.17,1253,
"January, 1968",15.7,4.4,27,0.29,1509,
"December, 1967",18.9,8,29.8,0.6,1393,
"November, 1967",32,20.2,43.8,0.15,986,
"October, 1967",47.6,34.3,60.8,0.76,538,
"September, 1967",61,46.8,75.2,1.74,178,47
"August, 1967",69.4,53.7,85,1.19,42,159
"July, 1967",70.3,55.7,85,1.09,40,199
"June, 1967",62.9,52.1,73.7,6.16,136,87
"May, 1967",51.2,38.7,63.7,1.85,420,11
"April, 1967",44.6,32.1,57.2,2.5,591,
"March, 1967",34.1,22.7,45.5,0.35,925,
"February, 1967",18.4,5.9,31,0.55,1304,
"January, 1967",20.3,9.5,31.1,0.47,1395,
"December, 1966",21.4,11.2,31.6,0.34,1361,
"November, 1966",29.2,17.5,40.8,0.48,1040,
"October, 1966",47.6,33,62.3,1.32,532,
"September, 1966",59.7,46.6,72.8,1.89,203,36
"August, 1966",66.8,53.7,80,3.7,66,121
"July, 1966",77.1,63.2,91,3.16,5,376
"June, 1966",66.7,53.1,80.4,2.43,82,135
"May, 1966",55.4,39.9,70.9,0.99,318,21
"April, 1966",39.6,27.9,51.3,1.86,753,
"March, 1966",35.1,23.1,47.1,1.28,902,
"February, 1966",14.5,3.8,25.2,0.64,1372,
"January, 1966",6.5,-4.5,17.4,0.25,1779,
"December, 1965",27.3,17.3,37.4,0.55,1152,
"November, 1965",33,20.7,45.3,0.33,944,
"October, 1965",51.6,36.8,66.4,0.61,422,3
"September, 1965",49.6,38.9,60.3,3.23,450,3
"August, 1965",69.5,55.6,83.4,1.62,40,169
"July, 1965",71.8,58.9,84.8,2.21,31,229
"June, 1965",65,53.8,76.2,3.84,104,112
"May, 1965",56.6,43.5,69.8,5.34,270,40
"April, 1965",44.8,33.1,56.5,2.36,590,
"March, 1965",19.2,8.5,29.9,0.77,1400,
"February, 1965",18.1,5.2,30.9,0.31,1321,
"January, 1965",13.6,2.4,24.8,0.37,1575,
"December, 1964",12.9,2.6,23.2,0.6,1567,
"November, 1964",30.2,17.3,43.1,0.28,1011,
"October, 1964",48.6,33.1,64.2,0.11,506,
"September, 1964",58.4,43.6,73.2,0.95,221,33
"August, 1964",67.8,53.6,81.9,2.15,59,129
"July, 1964",75.6,61.4,89.7,2.3,11,339
"June, 1964",66,52.8,79.2,4.56,87,134
"May, 1964",59.1,45.8,72.4,2.44,224,56
"April, 1964",46,33.6,58.4,3.22,563,
"March, 1964",26.1,13.3,39,0.86,1210,
"February, 1964",25.2,13.7,36.8,0.24,1117,
"January, 1964",22.3,10.6,34.1,0.23,1323,
"December, 1963",15,4.5,25.4,0.34,1565,
"November, 1963",36.2,23,49.5,0.27,855,
"October, 1963",57.2,42.8,71.5,1.09,263,20
"September, 1963",63.9,51,76.7,2.11,124,83
"August, 1963",71.6,57.8,85.4,1.51,26,201
"July, 1963",73.8,60.7,87,4.26,19,283
"June, 1963",69,56.5,81.6,4.03,55,187
"May, 1963",56.4,43.3,69.5,2.13,285,30
"April, 1963",45.6,33.5,57.7,2.19,557,
"March, 1963",37.9,25.1,50.8,0.98,845,
"February, 1963",23.4,11.1,35.8,0.4,1173,
"January, 1963",7.6,-4.4,19.6,0.54,1773,
"December, 1962",23.4,11.8,35.1,0.18,1293,
"November, 1962",37.2,25.5,48.8,0.25,827,
"October, 1962",50.7,36.7,64.8,0.99,448,
"September, 1962",58.1,43.1,73.2,1.4,239,26
"August, 1962",70,55.4,84.4,1.77,35,174
"July, 1962",68.6,56.9,80.3,4.49,54,170
"June, 1962",64.5,53.9,75.2,4.84,112,101
"May, 1962",58.1,47,69.2,6.78,235,51
"April, 1962",46,31.8,60.2,1.15,581,
"March, 1962",24.1,14.8,33.4,1.12,1268,
"February, 1962",17.2,7.1,27.3,1.27,1330,
"January, 1962",13.8,2.5,25.1,0.34,1588,
"December, 1961",16,4.7,27.4,0.39,1521,
"November, 1961",31.8,19.5,44.1,0.25,990,
"October, 1961",48.8,34.6,63,1.24,493,
"September, 1961",56.2,42.9,69.6,2.23,271,21
"August, 1961",74,59,89.1,1.47,13,261
"July, 1961",71.4,56.8,86.1,2.33,33,218
"June, 1961",68.7,53.9,83.6,2.42,63,155
"May, 1961",53.9,41.7,66,3.53,357,15
"April, 1961",40.6,27.2,53.9,1.06,731,
"March, 1961",36.3,25.7,46.9,0.61,909,
"February, 1961",25.3,13.8,36.8,0.33,1119,
"January, 1961",18.1,7,29.2,0.12,1491,
"December, 1960",19,9,29,0.75,1405,
"November, 1960",33.3,20.2,46.4,0.7,927,
"October, 1960",49.3,34.3,64.4,0.36,486,
"September, 1960",61.6,47.2,76,1.31,162,56
"August, 1960",71.2,56.6,85.8,3.58,25,208
"July, 1960",74.3,59.2,89.5,1.12,17,278
"June, 1960",64,52.2,75.7,3.45,119,91
"May, 1960",55.8,41.6,70,3.08,305,25
"April, 1960",45.2,32.8,57.5,1.96,596,
"March, 1960",20.5,10.2,30.9,0.75,1399,
"February, 1960",14.4,5.2,23.6,0.62,1417,
"January, 1960",15.5,5.7,25.4,0.51,1543,
"December, 1959",28.5,19.6,37.4,0.46,1127,
"November, 1959",24.4,14,34.8,0.84,1211,
"October, 1959",42.6,30.2,55,1.22,684,
"September, 1959",58.9,45.5,72.4,2.71,210,37
"August, 1959",74.6,59,90.3,1.5,10,300
"July, 1959",72.8,57.1,88.5,1.61,25,251
"June, 1959",70.2,56,84.5,2.43,44,203
"May, 1959",55,42.4,67.5,3.78,310,28
"April, 1959",44,29.9,58,0.88,615,
"March, 1959",35,23.4,46.7,0.39,934,
"February, 1959",13.9,2.3,25.6,0.62,1403,
"January, 1959",12.5,1.3,23.6,0.27,1614,
"December, 1958",18.7,6.9,30.6,0.26,1432,
"November, 1958",33.1,20.8,45.4,0.77,938,
"October, 1958",49.8,34.3,65.3,0.26,454,3
"September, 1958",62.7,47.1,78.4,0.47,139,75
"August, 1958",72.8,56.8,88.7,0.97,17,248
"July, 1958",67.7,54.9,80.4,3.27,66,152
"June, 1958",61.9,49.8,74,3.16,148,72
"May, 1958",60.3,44.9,75.8,1.48,201,59
"April, 1958",44.2,32.1,56.2,2.54,621,
"March, 1958",27.9,19.8,36,0.55,1151,
"February, 1958",16.9,5.6,28.3,0.91,1333,
"January, 1958",24.3,12.2,36.3,0.24,1269,
"December, 1957",29,17,40.9,0.13,1119,
"November, 1957",32.3,23.1,41.6,0.99,980,
"October, 1957",46.6,37.1,56.2,1.73,566,
"September, 1957",57.6,43.9,71.4,1.62,244,25
"August, 1957",70.6,58.3,82.9,2.81,28,197
"July, 1957",75.1,61.5,88.7,2.37,13,329
"June, 1957",63.4,51.3,75.4,4.07,129,88
"May, 1957",54.1,43.5,64.7,5.03,352,17
"April, 1957",41.9,30.7,53.1,2.41,676,
"March, 1957",30.4,19.8,41,0.67,1070,
"February, 1957",22.2,10.2,34.2,0.33,1178,
"January, 1957",7.6,-3.5,18.7,0.23,1749,
"December, 1956",25.4,14.6,36.2,0.25,1218,
"November, 1956",31.7,21.6,41.7,1.39,999,
"October, 1956",52.7,36.6,68.8,0.88,364,8
"September, 1956",59.9,43.7,76,0.69,188,46
"August, 1956",69,55.5,82.4,3.28,42,168
"July, 1956",70.5,56.8,84.1,3.36,40,201
"June, 1956",72.4,57.4,87.5,2.06,29,256
"May, 1956",56.8,44.5,69.2,2.25,273,34
"April, 1956",38.9,25.6,52.2,1.23,770,
"March, 1956",29.3,17.8,40.9,0.81,1123,
"February, 1956",14.9,3.2,26.7,0.24,1396,
"January, 1956",13.2,3.6,22.8,0.54,1597,
"December, 1955",11.9,2,21.8,0.84,1618,
"November, 1955",21.7,10.2,33.2,0.38,1262,
"October, 1955",50,34.7,65.3,0.26,462,
"September, 1955",61.3,46.1,76.4,1.82,160,63
"August, 1955",75.1,60.3,89.8,1.94,7,322
"July, 1955",76.4,61.9,90.9,2.34,8,368
"June, 1955",63.3,51.6,75,3.09,131,88
"May, 1955",60.8,46.2,75.4,2.37,193,72
"April, 1955",51.6,36.5,66.8,1.31,397,11
"March, 1955",27.8,15.3,40.3,0.33,1146,
"February, 1955",14,3,25,0.9,1423,
"January, 1955",18.9,7.9,30,0.23,1427,
"December, 1954",25,15.3,34.8,0.16,1260,
"November, 1954",38.9,26.2,51.6,0.38,779,
"October, 1954",45.4,33.8,57,1.44,602,
"September, 1954",60.6,47.5,73.6,1.55,172,53
"August, 1954",70.5,56.8,84.2,2.18,30,188
"July, 1954",75.7,61,90.3,1.41,10,329
"June, 1954",64.6,52.6,76.7,4.2,98,118
"May, 1954",52.6,39.4,65.8,2.21,398,11
"April, 1954",45.3,30.9,59.7,1.16,559,
"March, 1954",26.3,15.7,36.8,1.53,1187,
"February, 1954",36.4,24,48.8,0.49,823,6
"January, 1954",11.6,-0.5,23.7,0.2,1639,
"December, 1953",23.5,13,34,0.62,1324,
"November, 1953",37.1,25.4,48.8,0.67,837,
"October, 1953",53.8,38.2,69.3,0.84,351,8
"September, 1953",61.1,44.7,77.4,0.47,167,55
"August, 1953",71.3,58.3,84.3,2.71,24,216
"July, 1953",71.3,58.1,84.4,2.31,28,231
"June, 1953",67.2,55.4,79,4.91,66,159
"May, 1953",53.5,41.5,65.3,2.65,359,19
"April, 1953",38.6,27.8,49.5,3.48,783,
"March, 1953",32,21.1,42.9,1.26,998,
"February, 1953",22.1,12.6,31.6,1.14,1199,
"January, 1953",21.6,11,32.2,0.62,1358,
"December, 1952",22.7,12.4,33.1,0.23,1313,
"November, 1952",31.6,19.6,43.5,0.7,991,
"October, 1952",45.7,29.4,62,0.03,599,
"September, 1952",64.4,47.9,80.9,0.33,118,88
"August, 1952",70.2,56.1,84.3,2.02,32,180
"July, 1952",72.2,57,87.5,1.57,26,253
"June, 1952",69.4,55.4,83.3,3.42,49,191
"May, 1952",56.4,43.2,69.5,2.46,293,27
"April, 1952",47.7,33.7,61.7,0.37,529,
"March, 1952",21.9,13.7,30.2,0.87,1284,
"February, 1952",23,13.8,32.1,1,1141,
"January, 1952",11.6,0.7,22.6,0.71,1601,
"December, 1951",11,1,21.2,1.33,1633,
"November, 1951",28.1,16.3,39.8,0.21,1107,
"October, 1951",45.1,33.4,56.7,2.05,601,
"September, 1951",55,42.4,67.6,1.69,317,12
"August, 1951",67.7,55.4,80,3.58,56,133
"July, 1951",70,57.4,82.6,2.38,44,185
"June, 1951",59.3,47.8,70.8,4.52,207,43
"May, 1951",56.6,43.8,69.4,2.81,288,29
"April, 1951",40.9,28.7,53,1.16,732,
"March, 1951",19.5,8.5,30.6,1.07,1378,
"February, 1951",23.6,9.9,37.2,0.66,1142,
"January, 1951",13.6,2.3,25,0.2,1578,
"December, 1950",19.3,8.3,30.4,0.2,1420,
"November, 1950",28.4,16.2,40.5,0.36,1080,
"October, 1950",51,36.5,65.6,0.91,431,3
"September, 1950",59.4,46.3,72.4,2.68,204,38
"August, 1950",66.8,52.5,81.2,2.31,70,115
"July, 1950",67.8,54.3,81.4,2.43,70,140
"June, 1950",65.4,50.5,80.2,1.38,99,115
"May, 1950",51.9,39.7,64.1,2.96,408,12
"April, 1950",37,26.4,47.7,1.24,827,
"March, 1950",23.2,13,33.4,1.84,1272,
"February, 1950",18.6,7.2,30.1,0.56,1263,
"January, 1950",2.1,-9.4,13.6,0.55,1873,
"December, 1949",17.4,5.5,29.2,0.69,1421,
"November, 1949",40.8,27.5,54.2,0.22,733,
"October, 1949",46.8,34.6,59,2.12,541,
"September, 1949",57.5,42.3,72.7,1.54,256,21
"August, 1949",73.4,58.2,88.6,1.88,16,252
"July, 1949",74.7,59.3,90.1,2.19,15,306
"June, 1949",67.2,53.1,81.4,2.08,76,150
"May, 1949",59.4,45.6,73.2,2.56,219,57
"April, 1949",48.4,33.2,63.6,1.22,517,
"March, 1949",29,19.2,38.8,1.17,1097,
"February, 1949",12,-0.2,24.3,0.15,1443,
"January, 1949",6.1,-4.1,16.3,1.19,1776,
"December, 1948",18.3,7.2,29.4,0.29,1440,
"November, 1948",31.8,22.1,41.4,0.9,997,
"October, 1948",48,32.7,63.2,1.1,524,
"September, 1948",65.8,50.5,81.1,0.97,95,111
"August, 1948",71.3,57,85.5,2,25,208
"July, 1948",72.2,58.9,85.5,3.53,27,246
"June, 1948",63.9,52.4,75.4,4.94,123,89
"May, 1948",56.5,43.4,69.6,1.78,292,28
"April, 1948",49.1,34.9,63.3,2.42,467,5
"March, 1948",26.4,15.4,37.4,0.41,1171,
"February, 1948",15.3,4,26.7,0.66,1365,
"January, 1948",15.3,3.4,27.2,0.29,1552,
"December, 1947",20.9,10.8,31,0.16,1384,
"November, 1947",25.5,16.6,34.4,1.69,1167,
"October, 1947",54.7,40.4,69.1,1.77,318,12
"September, 1947",61.6,46.4,76.7,1.17,157,63
"August, 1947",76.1,61,91.2,1.12,4,347
"July, 1947",72.6,58.2,86.9,1.01,25,239
"June, 1947",61.9,50.3,73.5,6.13,159,67
"May, 1947",52.8,38.8,66.8,1.3,392,11
"April, 1947",42.1,30.6,53.6,2.22,696,
"March, 1947",26.7,17,36.4,0.64,1161,
"February, 1947",15.7,4.4,26.9,0.23,1374,
"January, 1947",22.6,11.9,33.3,0.51,1303,
"December, 1946",22.5,11.9,33.2,0.39,1296,
"November, 1946",30.4,19,41.7,0.72,1041,
"October, 1946",43.7,32.6,54.7,3.07,624,
"September, 1946",59.2,45.9,72.5,4.01,213,34
"August, 1946",67.7,53.6,81.8,1.78,59,129
"July, 1946",73.5,59.7,87.3,2.04,20,264
"June, 1946",66.1,52.7,79.4,4.29,88,127
"May, 1946",52.2,39.5,65,3.96,403,11
"April, 1946",51.8,36.9,66.8,1.29,409,8
"March, 1946",40.8,28.3,53.3,2.01,765,4
"February, 1946",23.4,9.8,36.9,0.54,1170,
"January, 1946",20.6,7.2,34,0.1,1398,
"December, 1945",14.1,4.3,23.8,0.51,1583,
"November, 1945",30.6,18.4,42.9,0.28,1014,
"October, 1945",49,33.1,65,0.23,487,
"September, 1945",58.4,44.3,72.5,1.88,232,31
"August, 1945",70.5,56.1,84.8,1.98,33,183
"July, 1945",71.2,56.8,85.6,2.13,34,211
"June, 1945",58.6,48.2,69,3.88,218,36
"May, 1945",51.6,37.9,65.3,2.62,421,9
"April, 1945",41.9,28.9,55,1.21,690,
"March, 1945",36.9,24,49.9,1.25,857,
"February, 1945",21.4,10.4,32.3,0.62,1199,
"January, 1945",19.8,10.4,29.2,0.49,1394,
"December, 1944",20.1,9.7,30.6,0.19,1381,
"November, 1944",31.4,22.8,39.9,1.81,967,
"October, 1944",50,33.8,66.2,0.6,466,
"September, 1944",59.5,45,74,0.88,204,38
"August, 1944",69.4,56.2,82.5,3.6,41,163
"July, 1944",70.1,56.7,83.6,3.64,41,197
"June, 1944",64.3,52.4,76.2,5.23,113,108
"May, 1944",60.5,47.4,73.5,3.36,207,63
"April, 1944",41.4,30.4,52.4,1.9,714,
"March, 1944",22.3,13,31.6,0.84,1281,
"February, 1944",16.9,5,28.7,0.68,1300,
"January, 1944",24.8,12.6,36.9,1.16,1237,
"December, 1943",24.7,11.7,37.6,0.09,1249,
"November, 1943",31.5,22,41,0.45,1000,
"October, 1943",49.8,34.3,65.4,1.71,477,
"September, 1943",59,43.7,74.3,0.69,220,31
"August, 1943",72.7,58,87.4,2.15,16,246
"July, 1943",74.2,59.4,88.9,2.06,17,297
"June, 1943",64.9,53,76.7,5.16,103,117
"May, 1943",53,39,67,2.29,382,14
"April, 1943",49.1,34.1,64,0.79,499,1
"March, 1943",24.4,11.2,37.5,0.76,1244,
"February, 1943",24.9,12.2,37.7,0.42,1110,
"January, 1943",7.7,-3.8,19.1,0.65,1723,
"December, 1942",19.1,8.8,29.4,0.29,1424,
"November, 1942",33,20.3,45.8,0.32,945,
"October, 1942",48.4,34.5,62.2,0.69,523,
"September, 1942",56.4,43.1,69.6,2.02,287,16
"August, 1942",70.1,56.6,83.7,2.17,33,188
"July, 1942",71.1,58,84.2,2.48,32,224
"June, 1942",63.4,52.6,74.1,4.22,125,95
"May, 1942",51.8,41.1,62.6,5.82,404,12
"April, 1942",49.6,36,63.2,3.1,459,5
"March, 1942",32.5,23.1,41.9,1.91,1000,
"February, 1942",19.7,9.6,29.9,0.47,1260,
"January, 1942",21.6,9.6,33.7,0.05,1352,
"December, 1941",26.6,15.9,37.3,0.31,1184,
"November, 1941",34.8,23.5,46.1,0.19,901,
"October, 1941",47.2,35.4,58.9,2.19,535,
"September, 1941",60.4,47.4,73.3,2.82,180,56
"August, 1941",72.7,58.7,86.8,1.92,18,251
"July, 1941",74.3,60.2,88.5,1.73,18,293
"June, 1941",65.8,54.4,77.3,5.05,93,122
"May, 1941",61.9,48.1,75.7,1.83,176,79
"April, 1941",47.3,36.8,57.8,3.8,529,2
"March, 1941",29.7,19.4,39.9,0.54,1097,
"February, 1941",19.6,8.7,30.6,0.25,1275,
"January, 1941",17.6,8,27.4,0.53,1448,
"December, 1940",24.9,15.2,34.6,0.39,1255,
"November, 1940",26.6,16.5,36.7,0.69,1144,
"October, 1940",53.8,39.3,68.4,1.03,348,8
"September, 1940",66.1,51.5,80.7,0.69,91,118
"August, 1940",70.1,56.3,83.9,2.24,35,172
"July, 1940",76.8,62,91.5,1.94,7,360
"June, 1940",67.1,53,81.2,2.87,76,139
"May, 1940",56.6,41.6,71.5,0.58,293,26
"April, 1940",42.1,31.2,53,2.59,673,
"March, 1940",28.6,20.6,36.7,1.78,1131,
"February, 1940",19.4,10.4,28.3,0.6,1258,
"January, 1940",5.6,-4.7,15.8,0.2,1831,
"December, 1939",29.8,17.9,41.7,0.32,1088,
"November, 1939",37.2,22.5,52,0.01,838,
"October, 1939",47.3,33.8,60.8,1.15,538,
"September, 1939",64.3,47.7,80.9,1.01,110,101
"August, 1939",70.8,55.2,86.4,1.85,31,191
"July, 1939",76.6,61.5,91.7,1.87,8,353
"June, 1939",65.4,52.7,78.1,4.13,93,129
"May, 1939",63.3,48.5,78,2.36,151,99
"April, 1939",45.1,31.1,59.1,0.96,606,
"March, 1939",32.6,19.7,45.6,0.32,998,
"February, 1939",9.7,-2.3,21.7,0.68,1523,
"January, 1939",24.1,14,34.3,0.96,1266,
"December, 1938",23.6,12.7,34.6,0.2,1282,
"November, 1938",29,17.7,40.4,0.51,1066,
"October, 1938",54.4,40,68.9,0.16,326,11
"September, 1938",64.2,50,78.4,2.2,118,89
"August, 1938",74.8,58.7,90.9,1.17,8,308
"July, 1938",73.9,59.6,88.2,2,19,288
"June, 1938",67.6,54.2,81,2.63,74,142
"May, 1938",54.4,42.9,65.9,3.54,350,17
"April, 1938",46.3,33.4,59.2,2.51,562,
"March, 1938",36.5,25.2,47.7,1.28,879,
"February, 1938",17.3,5.9,28.7,0.58,1311,
"January, 1938",17.5,7.8,27.2,0.45,1487,
"December, 1937",18.1,7.5,28.7,0.54,1445,
"November, 1937",29.5,19,40,0.28,1052,
"October, 1937",47.3,33.9,60.7,0.49,559,
"September, 1937",62.9,48.2,77.6,0.9,138,73
"August, 1937",77.1,61.8,92.4,1.64,3,366
"July, 1937",75.3,60.9,89.7,2.73,14,323
"June, 1937",64.6,52.3,76.9,3.53,116,98
"May, 1937",59,45.7,72.4,2.23,235,45
"April, 1937",42.7,31.5,53.9,1.74,677,
"March, 1937",29,18.3,39.6,1.49,1114,
"February, 1937",14.6,3.4,25.9,0.36,1394,
"January, 1937",-1,-10.9,8.9,0.85,2003,
"December, 1936",20.7,11.6,29.9,0.37,1347,
"November, 1936",30.6,20.1,41.1,0.88,1028,
"October, 1936",45.9,30.7,61.1,0.38,588,
"September, 1936",64.2,49,79.5,0.76,115,96
"August, 1936",75.2,59.9,90.5,1.67,7,326
"July, 1936",83.3,66.2,100.5,0.58,1,546
"June, 1936",70.8,55.4,86.1,1.29,48,183
"May, 1936",62.3,47.9,76.6,1.5,170,78
"April, 1936",40.6,27.3,53.8,1.28,729,
"March, 1936",32,21.3,42.8,0.75,1017,
"February, 1936",-5.2,-15.5,5.1,0.75,1932,
"January, 1936",4.1,-6.6,14.7,0.69,1880,
"December, 1935",20.2,10.7,29.7,0.56,1388,
"November, 1935",26.7,16,37.4,0.47,1132,
"October, 1935",46.1,30.6,61.5,0.22,587,
"September, 1935",62.1,45.8,78.4,0.41,155,64
"August, 1935",71.5,56.3,86.7,1.8,23,222
"July, 1935",78.5,63.9,93.2,1.88,4,418
"June, 1935",63.1,50.8,75.4,2.83,140,77
"May, 1935",50.2,40.3,60.2,2.82,464,7
"April, 1935",40.1,30,50.1,3.77,733,
"March, 1935",34.7,22.9,46.5,1.21,922,
"February, 1935",29.8,19.3,40.4,0.58,993,
"January, 1935",15.6,4.1,27.2,0.25,1515,
"December, 1934",19.8,10.3,29.4,0.3,1398,
"November, 1934",37,25.6,48.2,0.41,839,
"October, 1934",52,38.2,65.7,1.29,397,4
"September, 1934",55.6,40.9,70.2,1.81,294,16
"August, 1934",71.1,55.8,86.4,1.31,28,203
"July, 1934",76.8,61.2,92.4,1.79,7,369
"June, 1934",69.4,54.9,83.9,3.08,50,197
"May, 1934",68,50.6,85.5,0.6,77,177
"April, 1934",46.9,32.1,61.7,0.49,543,
"March, 1934",31.2,17.3,45.1,0.95,1038,
"February, 1934",25.6,12.3,38.9,0.17,1113,
"January, 1934",24.4,12.5,36.2,0.2,1272,
"December, 1933",20.2,8.9,31.6,0.54,1360,
"November, 1933",34.9,22.6,47.2,0.26,907,
"October, 1933",47.6,31.6,63.6,0.12,534,
"September, 1933",65.1,50,80.3,1.05,100,112
"August, 1933",69.2,55.4,82.9,2.24,45,153
"July, 1933",76.8,61.4,92.2,2.13,9,347
"June, 1933",75.5,59.7,91.4,1.37,17,336
"May, 1933",54.4,42.8,65.9,3.13,339,20
"April, 1933",44.2,31.2,57.2,1.63,619,
"March, 1933",32.8,21.3,44.4,1.56,992,
"February, 1933",15.6,2.7,28.6,0.28,1385,
"January, 1933",23.8,11.9,35.7,0.21,1234,
"December, 1932",15.5,4.5,26.4,0.31,1527,
"November, 1932",32.3,20.6,44,0.16,984,
"October, 1932",43.1,30.8,55.3,1.12,655,
"September, 1932",60,44,75.9,1.02,196,41
"August, 1932",71.6,57.6,85.6,2.41,24,217
"July, 1932",74.1,59.3,88.8,1.73,17,301
"June, 1932",67.8,55.5,80.1,3.93,66,158
"May, 1932",58.5,45.2,71.9,3.16,242,44
"April, 1932",48.1,36.2,60,2.69,521,
"March, 1932",23.4,13.6,33.2,0.94,1287,
"February, 1932",20.4,9.7,31.1,0.25,1229,
"January, 1932",12.7,3.1,22.4,0.66,1604,
"December, 1931",23,14,32,0.96,1271,
"November, 1931",32.8,20.8,44.7,0.91,944,
"October, 1931",50.6,37.8,63.2,1.21,435,3
"September, 1931",66.7,51.5,81.8,1.37,77,138
"August, 1931",71.2,56.8,85.6,1.6,24,222
"July, 1931",76.1,60.4,91.9,1.53,10,350
"June, 1931",73.2,58.8,87.7,2.19,24,281
"May, 1931",54.7,39.7,69.7,2.03,342,18
"April, 1931",46.7,31.7,61.7,0.64,543,
"March, 1931",30.3,18.7,42,1.23,1058,
"February, 1931",32,20.2,43.9,0.3,924,1
"January, 1931",26.7,14.8,38.6,0.2,1177,
"December, 1930",24.6,15.3,33.8,0.12,1237,
"November, 1930",33.2,21.6,44.6,1.23,926,
"October, 1930",44.3,33.4,55.2,2.27,619,
"September, 1930",60.3,45.5,75.2,1.18,183,48
"August, 1930",72.7,59.5,85.9,2.69,17,252
"July, 1930",76.9,60.8,93,0.93,7,371
"June, 1930",65.2,51.5,78.8,2.58,110,104
"May, 1930",53.5,41.4,65.5,2.93,363,16
"April, 1930",49.6,36.3,63,2.31,479,3
"March, 1930",30.6,19.2,42,0.43,1050,
"February, 1930",31.5,20.5,42.5,0.82,930,1
"January, 1930",4.2,-5.8,14.3,0.49,1861,
"December, 1929",19,9.6,28.4,0.22,1399,
"November, 1929",27.6,18,37.2,0.57,1122,
"October, 1929",48.4,36.1,60.7,2.4,522,
"September, 1929",55.5,44,66.9,2.95,294,16
"August, 1929",72.6,56.9,88.3,1.27,19,232
"July, 1929",74.2,59.8,88.5,2.28,19,279
"June, 1929",63.9,50.6,77.2,2.1,124,92
"May, 1929",53.2,39.5,67,2.4,375,14
"April, 1929",44.7,32,57.5,2.36,602,
"March, 1929",34.5,24.3,44.8,1.81,934,
"February, 1929",8.6,-2.8,20.1,0.61,1564,
"January, 1929",3.3,-7.6,14.2,0.9,1877,
"December, 1928",25.5,14.1,36.9,0.15,1212,
"November, 1928",33,22.6,43.4,0.9,961,
"October, 1928",47,33.8,60.3,1.44,547,
"September, 1928",58,43.2,72.8,1.5,234,27
"August, 1928",69.9,55.3,84.5,2.55,34,189
"July, 1928",71.2,58.2,84.1,3.11,34,225
"June, 1928",60.4,47.7,73.1,4.04,186,53
"May, 1928",59.8,44.5,75.2,1.36,219,50
"April, 1928",39.8,25.8,53.7,0.8,763,
"March, 1928",34.8,21.6,48,0.73,937,
"February, 1928",24.2,12.8,35.6,0.41,1146,
"January, 1928",19.2,9.3,29.2,0.17,1399,
"December, 1927",4.4,-5.7,14.6,0.95,1822,
"November, 1927",27.3,18.1,36.5,0.54,1102,
"October, 1927",50.9,35.3,66.5,0.93,429,3
"September, 1927",60.8,47.1,74.5,1.31,169,60
"August, 1927",66,52.8,79.3,2.15,82,105
"July, 1927",68.5,55.5,81.5,2.82,55,172
"June, 1927",63.5,51.2,75.8,2.6,129,88
"May, 1927",52,41.2,62.8,5.3,399,12
"April, 1927",43.4,32.3,54.4,4.25,640,
"March, 1927",33.4,22.2,44.6,1.26,973,
"February, 1927",24,12.8,35.2,0.3,1118,
"January, 1927",17.6,7.2,28,0.33,1443,
"December, 1926",17.5,6.8,28.3,0.4,1459,
"November, 1926",27.1,17.7,36.4,0.68,1127,
"October, 1926",48,34.8,61.2,1.42,523,
"September, 1926",57,43.6,70.4,2.09,258,24
"August, 1926",70,56.3,83.6,2.43,32,189
"July, 1926",73.1,58.9,87.2,2.72,22,267
"June, 1926",64.6,50.9,78.4,2.75,110,103
"May, 1926",61.3,46.9,75.8,2.61,184,81
"April, 1926",45.4,29.4,61.4,0.26,590,
"March, 1926",30.6,17.9,43.4,0.23,1067,
"February, 1926",27.6,17.8,37.3,0.2,1039,
"January, 1926",18.3,7.8,28.8,1.16,1445,
"December, 1925",20.5,10.2,30.9,0.54,1383,
"November, 1925",32.3,19.8,44.8,0.38,976,
"October, 1925",35.6,24.9,46.3,0.78,906,
"September, 1925",63.6,50,77.3,1.08,117,97
"August, 1925",71.9,56.1,87.6,1.27,23,231
"July, 1925",70.9,56.4,85.3,1.84,34,220
"June, 1925",64.6,52.8,76.5,5.36,104,112
"May, 1925",55.8,40.6,70.9,1.39,312,22
"April, 1925",51.3,37.8,64.8,1.54,404,10
"March, 1925",35.6,22.3,49,0.26,894,
"February, 1925",24.9,14.9,34.9,0.22,1129,
"January, 1925",12.7,1.2,24.2,0.53,1612,
"December, 1924",9.7,-0.4,19.7,0.99,1693,
"November, 1924",33.3,21.6,45,0.36,940,
"October, 1924",53.2,39.6,66.8,1.77,363,8
"September, 1924",57.9,44.3,71.6,1.6,245,24
"August, 1924",68.7,54.4,83,2.39,42,163
"July, 1924",68.7,54.9,82.5,1.79,53,168
"June, 1924",61.8,49.9,73.7,4.83,152,67
"May, 1924",50,35.6,64.3,0.82,475,6
"April, 1924",44,30.2,57.8,1.13,612,
"March, 1924",26,17.1,35,1.43,1205,
"February, 1924",24,12.9,35.1,0.79,1156,
"January, 1924",9,-3.2,21.2,0.19,1720,
"December, 1923",26.1,13.6,38.5,0.39,1190,
"November, 1923",38.1,25.3,50.9,0.29,810,
"October, 1923",45,33.5,56.5,1.32,622,
"September, 1923",61.4,47.8,75.1,2.85,163,59
"August, 1923",66.6,54.1,79.2,3.44,65,123
"July, 1923",74.2,62.2,86.1,3.41,16,300
"June, 1923",66.3,55,77.6,4.53,83,132
"May, 1923",55.7,42.4,68.9,2.27,312,23
"April, 1923",43.4,29.4,57.5,1.66,637,
"March, 1923",26.5,14.3,38.8,0.55,1194,
"February, 1923",14.6,2.2,27.1,0.24,1384,
"January, 1923",21.2,11.5,30.8,0.5,1329,
"December, 1922",15.2,4.8,25.6,0.5,1504,
"November, 1922",33.6,25.4,41.6,2.75,912,
"October, 1922",49.7,33.5,66,0.77,460,
"September, 1922",64.2,47.7,80.7,0.41,110,99
"August, 1922",73,58.5,87.4,1.52,17,250
"July, 1922",68.9,56,81.8,3.48,55,169
"June, 1922",67.7,54.8,80.5,3.67,65,160
"May, 1922",57.2,45.1,69.4,3.37,266,38
"April, 1922",44.9,33.3,56.4,1.55,598,
"March, 1922",30.9,20,41.8,0.65,1031,
"February, 1922",7.7,-3.7,19.2,1.09,1552,
"January, 1922",11.8,1.6,21.9,0.92,1605,
"December, 1921",22,12.3,31.7,0.45,1313,
"November, 1921",26.8,16.7,36.9,0.6,1124,
"October, 1921",50.1,35.2,65,1,454,
"September, 1921",60.3,47,73.6,3.1,179,52
"August, 1921",70.5,56.5,84.5,2.37,34,176
"July, 1921",74.7,60.9,88.4,3.36,16,300
"June, 1921",72,58.4,85.5,1.75,35,235
"May, 1921",55.9,44.1,67.7,3.12,296,29
"April, 1921",46,31.2,60.7,1.57,556,
"March, 1921",35.6,21.5,49.6,1.09,892,
"February, 1921",27.8,15.2,40.5,0.13,1046,
"January, 1921",24.1,13.3,35,0.37,1261,
"December, 1920",21,11.1,30.9,0.49,1356,
"November, 1920",29.5,20.1,38.9,1.05,1055,
"October, 1920",51.2,37.2,65.3,0.92,407,5
"September, 1920",61.6,47.4,75.7,1.37,161,63
"August, 1920",68.5,53.8,83.2,1.75,53,137
"July, 1920",70.9,58.2,83.6,2.36,36,210
"June, 1920",64.4,53.2,75.5,4.59,111,108
"May, 1920",54.9,43.4,66.5,4.75,326,22
"April, 1920",35.7,25.5,45.9,3.06,873,
"March, 1920",29.5,17.8,41.3,1.48,1084,
"February, 1920",21.6,11.5,31.6,0.5,1214,
"January, 1920",16.4,6,26.8,0.28,1493,
"December, 1919",14.6,5.4,23.7,0.23,1568,
"November, 1919",23.2,14.4,31.9,1.5,1214,
"October, 1919",38.8,27,50.5,1.94,768,
"September, 1919",62.8,49.4,76.2,1.13,140,73
"August, 1919",70.3,55,85.6,0.88,34,176
"July, 1919",74.5,60.8,88.1,2.83,15,301
"June, 1919",68.3,56.6,80,3.27,65,153
"May, 1919",55.6,42.6,68.5,2.95,316,22
"April, 1919",43.9,32.9,55,2.63,638,
"March, 1919",28.4,17.6,39.2,0.8,1088,
"February, 1919",15.4,6.5,24.2,1.08,1361,
"January, 1919",25.5,14.6,36.4,0.1,1233,
"December, 1918",23.9,14.4,33.4,0.98,1240,
"November, 1918",32.2,21.2,43.3,1,959,
"October, 1918",49.9,36.2,63.5,0.83,463,
"September, 1918",55.4,40.9,69.9,1,304,14
"August, 1918",70.2,56.6,83.9,2.77,32,193
"July, 1918",69.8,56.5,83,3.13,45,191
"June, 1918",67.9,55.1,80.6,2.41,66,153
"May, 1918",56.9,42.9,70.9,3.38,265,41
"April, 1918",41.4,29.4,53.5,2.52,716,
"March, 1918",39.6,25.8,53.4,1.04,779,4
"February, 1918",18.2,5.7,30.7,0.57,1290,
"January, 1918",6,-3.4,15.3,0.76,1822,
"December, 1917",10.7,-0.7,22.2,0.58,1669,
"November, 1917",40,26.9,53,0.23,755,
"October, 1917",39.8,26.6,53.1,0.21,783,
"September, 1917",59.4,45.5,73.4,1.68,201,38
"August, 1917",67.2,52.1,82.4,1.51,63,125
"July, 1917",74.1,59,89.1,1.57,18,275
"June, 1917",62.2,48.6,75.8,1.9,151,71
"May, 1917",51.3,38.2,64.4,3.11,426,10
"April, 1917",40.1,29.7,50.6,2.62,735,
"March, 1917",25.6,15.8,35.4,1.33,1200,
"February, 1917",9.4,-2.1,21,0.49,1524,
"January, 1917",12,0.4,23.7,1.11,1630,
"December, 1916",9.8,-2.1,21.7,0.74,1674,
"November, 1916",31.6,19,44.2,0.26,998,
"October, 1916",44.3,30.5,58,0.62,636,
"September, 1916",58.6,43.6,73.6,1.01,219,33
"August, 1916",68.8,55.8,81.8,3.42,44,172
"July, 1916",76.8,63.8,89.7,2.4,8,374
"June, 1916",60.7,48.9,72.4,3.54,178,53
"May, 1916",53.7,40.5,66.9,4.24,353,19
"April, 1916",42.8,30.7,54.9,1.6,664,
"March, 1916",32.3,20,44.6,1.24,1004,
"February, 1916",16.8,6.2,27.4,0.37,1350,
"January, 1916",2.3,-9.1,13.7,1.14,1884,
"December, 1915",22.2,11.8,32.5,0.55,1324,
"November, 1915",34.5,23.3,45.8,0.44,893,
"October, 1915",49.7,35.5,64,1.54,461,
"September, 1915",57.7,45.2,70.2,2.71,231,30
"August, 1915",64.6,52,77.1,1.93,106,77
"July, 1915",65.1,53.9,76.3,5.73,104,109
"June, 1915",60,48.6,71.4,5.35,192,48
"May, 1915",51.4,40.3,62.5,3.82,426,10
"April, 1915",52.1,39.3,64.9,2.44,389,10
"March, 1915",20.8,12,29.6,1.05,1349,
"February, 1915",21.6,13.5,29.7,1.67,1189,
"January, 1915",12.9,2.5,23.4,0.74,1588,
"December, 1914",11.6,0.9,22.4,0.54,1644,
"November, 1914",37.1,23.5,50.7,0.03,827,
"October, 1914",51.2,37.4,65.1,1.98,427,3
"September, 1914",62.3,47.6,77,1.97,156,59
"August, 1914",68.7,54.6,82.8,2.02,43,163
"July, 1914",75.2,60.6,89.8,1.95,13,319
"June, 1914",66.9,54.3,79.6,5.04,73,146
"May, 1914",56.8,44,69.5,3.02,277,32
"April, 1914",44.7,32.3,57,2.65,611,
"March, 1914",30.5,20,41,0.68,1055,
"February, 1914",10.1,-1.4,21.5,0.81,1501,
"January, 1914",23.5,12.2,34.7,0.28,1277,
"December, 1913",25.1,13.7,36.6,0.43,1218,
"November, 1913",38,25.6,50.3,0.36,794,
"October, 1913",43.1,30.1,56,1.31,669,
"September, 1913",61.2,47,75.4,1.42,171,56
"August, 1913",73.4,58.8,87.9,1.91,13,265
"July, 1913",70.6,57.1,84.2,2.43,37,212
"June, 1913",69.2,55.8,82.6,2.17,54,177
"May, 1913",53.8,42.1,65.5,3.36,352,17
"April, 1913",47.8,34.1,61.4,1.78,529,
"March, 1913",24.1,11.9,36.2,1.24,1236,
"February, 1913",14.2,1.9,26.6,0.33,1418,
"January, 1913",14.2,0.7,27.7,0.25,1528,
"December, 1912",24.4,11.9,37,0.21,1253,
"November, 1912",36.4,22.6,50.2,0.04,848,
"October, 1912",47.7,32.7,62.8,0.47,525,
"September, 1912",54.4,42.5,66.3,1.73,316,15
"August, 1912",67.4,54.5,80.2,3.28,63,126
"July, 1912",70.7,57.8,83.5,3.71,39,207
"June, 1912",64.3,50.9,77.7,1.42,126,86
"May, 1912",56.6,43.6,69.5,2.28,285,31
"April, 1912",47.3,33.5,61.1,2.82,537,
"March, 1912",21.2,10.1,32.4,0.81,1334,
"February, 1912",19,9.6,28.4,0.25,1294,
"January, 1912",4.1,-6.4,14.6,0.4,1888,
"December, 1911",19.2,10.2,28.3,0.67,1395,
"November, 1911",22.3,11.5,33.2,0.74,1247,
"October, 1911",43.3,33,53.7,2.19,674,
"September, 1911",60.4,47.5,73.3,2.27,179,50
"August, 1911",66.2,53.4,78.8,3.09,77,111
"July, 1911",70.4,55.2,85.6,1.91,40,203
"June, 1911",72.4,57.3,87.4,1.63,30,245
"May, 1911",58.9,43.8,73.9,1.62,225,54
"April, 1911",43.8,30.6,57,1.69,637,
"March, 1911",38.3,23.6,53.1,0.41,833,
"February, 1911",19,6.7,31.3,0.55,1279,
"January, 1911",14.6,2,27.1,0.34,1548,
"December, 1910",20.2,10,30.5,0.37,1395,
"November, 1910",29.6,18.6,40.7,0.23,1042,
"October, 1910",52.6,36.5,68.6,0.73,386,6
"September, 1910",59.8,46.2,73.5,1.81,196,40
"August, 1910",66.9,52.4,81.5,1.65,66,120
"July, 1910",73,57.8,88.2,1.78,23,250
"June, 1910",67.7,54.1,81.2,2.31,74,139
"May, 1910",52.2,38.5,65.8,1.43,404,10
"April, 1910",50.5,34.8,66.2,1.09,450,5
"March, 1910",45.9,31.5,60.2,0.81,595,15
"February, 1910",10.2,-1.1,21.4,0.43,1503,
"January, 1910",14.2,4.6,23.7,1.05,1574,
"December, 1909",8.1,0.3,15.9,1.4,1745,
"November, 1909",32.4,21.1,43.7,1.16,951,
"October, 1909",46.8,33.1,60.4,0.98,562,
"September, 1909",60.8,46.6,75.1,1.3,184,44
"August, 1909",74,60.2,87.8,2.66,11,284
"July, 1909",70.8,58.6,82.9,2.73,36,205
"June, 1909",66.1,54.8,77.4,3.55,90,121
"May, 1909",53.8,40.6,67,4.2,353,18
"April, 1909",38.4,25.5,51.3,0.91,790,
"March, 1909",29.7,20,39.4,0.36,1102,
"February, 1909",18.8,8.4,29.2,0.81,1280,
"January, 1909",12.2,1.9,22.6,0.55,1588,
"December, 1908",19.6,10.2,28.9,0.77,1374,
"November, 1908",34.2,22.3,46,0.85,910,
"October, 1908",45.6,33.7,57.5,2.53,593,
"September, 1908",65.6,49.7,81.6,1.1,90,122
"August, 1908",66.6,52.3,81,2.04,70,116
"July, 1908",71.1,57.4,84.8,2.6,35,209
"June, 1908",62.6,51.2,73.9,4.42,140,76
"May, 1908",53.4,40.4,66.4,4.46,360,17
"April, 1908",47.7,32.3,63,1.79,517,
"March, 1908",31.2,19.4,42.9,1.18,1027,
"February, 1908",20.7,10.4,30.9,0.85,1231,
"January, 1908",23,10.1,35.9,0.24,1307,
"December, 1907",24.8,12.6,37,0.49,1237,
"November, 1907",33.1,19.7,46.6,0.04,953,
"October, 1907",47.6,31.4,63.9,0.65,537,
"September, 1907",56.8,42.8,70.8,1.67,256,24
"August, 1907",69,53.9,84.2,1.02,44,161
"July, 1907",69.5,56.7,82.3,4.06,47,186
"June, 1907",63.5,51.4,75.7,3.32,129,87
"May, 1907",48,35,60.9,4.16,527,3
"April, 1907",37.9,25.1,50.6,0.8,824,
"March, 1907",35.6,23.2,47.9,0.48,900,
"February, 1907",21.9,11,32.9,0.51,1192,
"January, 1907",6,-4.6,16.6,1.05,1784,
"December, 1906",20.7,10.1,31.3,0.74,1341,
"November, 1906",30.5,20.8,40.2,0.66,1020,
"October, 1906",46.9,33.9,59.9,2.08,560,
"September, 1906",62.6,48.9,76.2,2.55,151,65
"August, 1906",68.7,56.4,80.9,4.65,43,166
"July, 1906",69.4,55.1,83.6,1.35,55,165
"June, 1906",62.8,50.8,74.8,2.87,140,79
"May, 1906",55.1,43,67.3,4.81,310,27
"April, 1906",48.9,35.5,62.3,2.53,495,3
"March, 1906",21,11.3,30.7,1.12,1364,
"February, 1906",20.8,8.5,33.1,0.34,1228,
"January, 1906",20.2,9,31.5,0.4,1358,
"December, 1905",22.5,11.6,33.4,0.05,1284,
"November, 1905",35,22.8,47.2,1.23,878,
"October, 1905",42.7,29.9,55.4,1.65,669,
"September, 1905",62.6,47.1,78.1,1.09,144,73
"August, 1905",70.9,57,84.7,2.26,28,212
"July, 1905",67.6,55.7,79.5,4.55,68,147
"June, 1905",62.4,51,73.9,5.04,139,84
"May, 1905",51.4,39.8,63,5.34,419,11
"April, 1905",43.1,30.2,56,1.35,654,
"March, 1905",37.9,26.2,49.6,0.97,836,
"February, 1905",11.6,-0.9,24.2,0.43,1492,
"January, 1905",9.2,-1.3,19.7,0.62,1728,
"December, 1904",20.5,9.4,31.6,0.56,1363,
"November, 1904",38.1,23.2,53.1,0.08,794,
"October, 1904",50.3,36.7,63.9,1.36,453,2
"September, 1904",59.4,44.4,74.5,0.99,202,39
"August, 1904",68.2,53.5,83,1.82,55,138
"July, 1904",68.1,54.4,81.8,2.28,62,154
"June, 1904",63.1,51,75.1,4.17,137,83
"May, 1904",55.8,42.7,68.9,2.38,302,26
"April, 1904",42.1,28.8,55.4,1.52,691,
"March, 1904",29.2,17.5,41,0.52,1073,
"February, 1904",10.1,-2.3,22.5,0.68,1510,
"January, 1904",12.8,2.6,23,0.36,1620,
"December, 1903",18.6,7.6,29.5,0.58,1452,
"November, 1903",29.5,18.3,40.7,0.32,1056,
"October, 1903",49.7,34.9,64.6,0.85,473,
"September, 1903",55.6,42.6,68.7,2.46,283,19
"August, 1903",67.6,55.4,79.7,3.14,60,128
"July, 1903",70.1,56.7,83.5,3.79,43,189
"June, 1903",63.5,50.5,76.5,2.36,133,82
"May, 1903",55.6,42.8,68.4,3.21,304,29
"April, 1903",45.3,32.1,58.5,1.62,590,
"March, 1903",28.8,18.4,39.2,0.99,1090,
"February, 1903",10.7,-1.1,22.6,0.6,1499,
"January, 1903",17.4,6.5,28.2,0.33,1472,
"December, 1902",13.7,3.4,24,1.29,1585,
"November, 1902",32.5,21.1,44,0.31,955,
"October, 1902",48.1,32.6,63.6,0.73,493,
"September, 1902",56.2,40.7,71.7,0.74,287,17
"August, 1902",67.7,54.5,80.8,3.14,60,128
"July, 1902",70.5,56.6,84.3,2.03,40,205
"June, 1902",61.3,49,73.6,3.2,159,63
"May, 1902",58.4,45.5,71.4,2.55,238,45
"April, 1902",43,29.6,56.3,1.78,651,
"March, 1902",32.1,22.4,41.8,1.98,983,
"February, 1902",17.2,7.6,26.8,0.67,1329,
"January, 1902",18.9,8,29.8,0.4,1407,
"December, 1901",18.5,8.6,28.4,0.7,1442,
"November, 1901",33.6,20.3,46.8,0.22,946,
"October, 1901",50.4,36.3,64.5,1.78,450,2
"September, 1901",57.2,44.9,69.5,3.42,245,27
"August, 1901",71.3,56.8,85.8,2.38,22,220
"July, 1901",77.5,63.2,91.9,1.99,5,401
"June, 1901",64.8,53.1,76.4,5.75,106,116
"May, 1901",60.1,45.1,75,1.49,222,46
"April, 1901",47.2,34.6,59.8,1.46,532,
"March, 1901",31.4,19.5,43.4,0.93,1035,
"February, 1901",14.8,2.9,26.8,0.44,1387,
"January, 1901",20.2,8,32.5,0.12,1370,
"December, 1900",25.4,15.1,35.8,0.18,1226,
"November, 1900",27.6,16.8,38.5,0.24,1094,
"October, 1900",51.4,37.7,65.1,1.21,394,6
"September, 1900",59,46.5,71.5,2.66,207,36
"August, 1900",73.8,61.1,86.4,3.91,10,292
"July, 1900",71,57.6,84.3,3.97,36,212
"June, 1900",69,54.4,83.5,2.25,57,164
"May, 1900",61.2,45.8,76.6,0.88,188,67
"April, 1900",49.7,36.7,62.6,2.3,464,5
"March, 1900",28.8,15.8,41.7,1.41,1108,
"February, 1900",13.4,0.4,26.4,0.33,1445,
"January, 1900",23.7,12.2,35.2,0.13,1286,
"December, 1899",18,6.8,29.2,0.42,1457,
"November, 1899",39.1,25.6,52.7,0.37,765,
"October, 1899",46.4,33.3,59.6,1.34,550,
"September, 1899",59.5,43.5,75.5,0.47,220,32
"August, 1899",70,56.2,83.8,2.79,37,188
"July, 1899",71.8,57.2,86.4,1.9,35,221
"June, 1899",64.9,52,77.9,3.72,108,114
"May, 1899",54,42.1,65.9,4.38,344,20
"April, 1899",42.7,29.6,55.8,1.28,650,
"March, 1899",14.7,3.3,26.1,1.48,1520,
"February, 1899",5,-6.7,16.6,0.37,1670,
"January, 1899",15.2,3.5,26.9,0.48,1523,
"December, 1898",17.4,5.7,29,0.17,1472,
"November, 1898",25.9,13.4,38.4,0.29,1149,
"October, 1898",41.7,30.4,53,1.02,717,
"September, 1898",60.4,44.5,76.3,0.79,180,50
"August, 1898",70.3,55.2,85.5,1.11,31,183
"July, 1898",71.2,56.8,85.7,2.89,33,212
"June, 1898",66,52.8,79.1,1.66,88,125
"May, 1898",53.5,41.9,65,4.31,363,16
"April, 1898",44.4,30.4,58.2,1.38,607,
"March, 1898",27.8,15.7,40,0.93,1101,
"February, 1898",23.2,10.4,36.1,0.35,1172,
"January, 1898",20.7,9.7,31.6,0.2,1350,
"December, 1897",16.9,7,26.8,0.48,1491,
"November, 1897",26.1,14.2,37.9,0.59,1124,
"October, 1897",49,35.6,62.4,1.15,480,
"September, 1897",67.7,51.6,83.7,0.78,68,147
"August, 1897",66.2,52.7,79.7,1.91,83,99
"July, 1897",72.2,58.7,85.7,2.89,28,242
"June, 1897",64.5,52,77,2.97,115,96
"May, 1897",57.3,42,72.7,1.1,275,28
"April, 1897",43.9,32.4,55.4,2.66,628,
"March, 1897",21.1,11.2,31.1,2.01,1331,
"February, 1897",15.1,4.5,25.7,0.79,1385,
"January, 1897",11.2,2.2,20.3,1.5,1674,
"December, 1896",25,16.3,33.7,0.18,1230,
"November, 1896",14.4,6.3,22.4,1.58,1480,
"October, 1896",43,28.4,57.7,1.31,663,
"September, 1896",55.4,42,68.9,1.85,301,14
"August, 1896",69.3,54.1,84.4,0.98,39,166
"July, 1896",70.2,56.1,84.2,2.43,40,194
"June, 1896",66.6,53,80.2,3.9,86,125
"May, 1896",58.9,45.9,71.8,2.33,227,53
"April, 1896",44.7,33,56.4,4.02,582,
"March, 1896",21.8,10,33.5,1.63,1308,
"February, 1896",24.1,11.3,36.9,0.63,1131,
"January, 1896",16.9,5,28.9,0.5,1440,
"December, 1895",21.3,9.9,32.6,0.28,1356,
"November, 1895",27.1,16,38.1,1.15,1105,
"October, 1895",43.4,27.7,59.2,0.16,662,
"September, 1895",61.3,44.4,78.2,1.03,162,64
"August, 1895",69,52.6,85.3,1.3,45,155
"July, 1895",69.8,54.2,85.2,1.36,48,181
"June, 1895",62.1,49,75.2,4.16,150,76
"May, 1895",55.4,42,69,2.26,310,26
"April, 1895",51.6,37.1,66.2,2.36,399,11
"March, 1895",29,15.3,42.6,1.03,1111,
"February, 1895",12.1,1.2,23,0.69,1468,
"January, 1895",6.9,-4.4,18.3,0.65,1778,
